{"cameraMode":{"drawMode":0,"name":"Shaded","section":"Shading Mode"},"sceneLighting":true,"audioPlay":false,"sceneViewState":{"showFog":true,"showMaterialUpdate":false,"showSkybox":true,"showFlares":true,"showImageEffects":true,"showParticleSystems":true},"in2DMode":false,"pivot":{"x":2.025531768798828,"y":12.074748992919922,"z":-15.818445205688477},"rotation":{"x":0.1311473548412323,"y":0.38023263216018679,"z":-0.05453156307339668,"w":0.9139557480812073},"size":0.7426562905311585,"orthographic":false}